"category","subcategory","ID","Description","GeneRatio","BgRatio","RichFactor","FoldEnrichment","zScore","pvalue","p.adjust","qvalue","geneID","Count"
"Metabolism","Xenobiotics biodegradation and metabolism","hsa00982","Drug metabolism - cytochrome P450","16/281","73/8542",0.219178082191781,6.66270170136011,8.96107800847917,1.19812037886047e-09,3.01926335472839e-07,2.43407613810601e-07,"124/125/126/127/131/218/1548/1549/1555/2328/2949/4128/4129/7365/10720/54490",16
"Metabolism","Xenobiotics biodegradation and metabolism","hsa00980","Metabolism of xenobiotics by cytochrome P450","16/281","79/8542",0.20253164556962,6.15667372404162,8.49204405172311,4.10192172949832e-09,5.16842137916788e-07,4.16668891470092e-07,"124/125/126/127/131/1645/218/1553/1548/1549/1555/2949/3290/7365/10720/54490",16
"Metabolism","Amino acid metabolism","hsa00350","Tyrosine metabolism","11/281","36/8542",0.305555555555556,9.28845393436141,9.19079965119457,1.16099929987598e-08,9.75239411895827e-07,7.86220578512509e-07,"124/125/126/127/131/218/8639/4128/4129/5409/7306",11
"Metabolism","Metabolism of cofactors and vitamins","hsa00830","Retinol metabolism","14/281","68/8542",0.205882352941176,6.25853045844672,8.0290808311048,3.14477343779385e-08,1.98120726581013e-06,1.59721387761635e-06,"124/125/126/127/131/1548/1549/1555/10170/8608/5959/7365/10720/54490",14
"Organismal Systems","Endocrine system","hsa04923","Regulation of lipolysis in adipocytes","13/281","59/8542",0.220338983050847,6.69799143494783,8.09961310168977,4.17666760965492e-08,2.10504047526608e-06,1.6970459971861e-06,"107/111/153/364/100509620/63924/2167/8471/3991/4881/5140/5346/5567",13
"Organismal Systems","Endocrine system","hsa03320","PPAR signaling pathway","14/281","76/8542",0.184210526315789,5.59973777861023,7.42834298609692,1.38414627463208e-07,5.41119379023885e-06,4.36240769221428e-06,"9370/336/364/100509620/948/2167/2172/2173/4023/4312/5105/5346/729359/5468",14
"Cellular Processes","Cell motility","hsa04820","Cytoskeleton in muscle cells","25/281","232/8542",0.107758620689655,3.27570867591115,6.48113929511244,1.50310938617746e-07,5.41119379023885e-06,4.36240769221428e-06,"58/89/27063/477/1158/1302/1297/1674/2273/4604/4606/4607/4619/4620/4624/4625/29895/9499/91977/6445/8557/7136/84675/165904/129446",25
"Environmental Information Processing","Signaling molecules and interaction","hsa04080","Neuroactive ligand-receptor interaction","32/281","370/8542",0.0864864864864865,2.62906607675291,5.90835515300583,4.52906558103931e-07,1.42665565802738e-05,1.1501442857113e-05,"153/183/185/1131/55584/1146/2556/2562/2567/55879/200959/2690/2740/9340/8001/10888/2890/3952/2847/10316/283869/4922/4986/5020/22953/5179/5443/5731/6344/6753/6866/7200",32
NA,NA,"hsa04081","Hormone signaling","23/281","219/8542",0.105022831050228,3.19254456523505,6.06208120124519,7.64835111556321e-07,2.1415383123577e-05,1.72646990094e-05,"107/111/9370/153/183/185/268/2690/2740/94235/2852/8471/3952/2847/4881/4986/5020/5179/5443/5567/10268/6753/7200",23
"Metabolism","Amino acid metabolism","hsa00340","Histidine metabolism","7/281","22/8542",0.318181818181818,9.67227434487221,7.51131129480294,4.31612550776769e-06,0.000108766362795746,8.76854971578068e-05,"218/26/443/10841/3067/4128/4129",7
"Organismal Systems","Endocrine system","hsa04925","Aldosterone synthesis and secretion","13/281","98/8542",0.13265306122449,4.0324642312441,5.56834098811416,1.75638037133903e-05,0.000402370775979486,0.0003243841259985,"107/111/183/185/477/491/51806/84699/3777/3991/4881/5443/5567",13
"Metabolism","Carbohydrate metabolism","hsa00620","Pyruvate metabolism","8/281","47/8542",0.170212765957447,5.17422578935413,5.29217728147189,0.00012781419459971,0.00268409808659391,0.00216387189103017,"32/124/125/126/127/131/197257/5105",8
"Environmental Information Processing","Signal transduction","hsa04152","AMPK signaling pathway","13/281","122/8542",0.10655737704918,3.23919257919608,4.59416433037124,0.000177343816606987,0.00343774167576622,0.0027714458789594,"32/9370/948/1149/84699/8471/3952/3991/5105/5207/5468/10891/53632",13
"Organismal Systems","Digestive system","hsa04970","Salivary secretion","11/281","97/8542",0.11340206185567,3.4472612539898,4.47051528722266,0.000323266339589344,0.0058187941126082,0.00469100778501831,"107/111/153/362/477/491/51806/1131/1473/1755/5567",11
"Organismal Systems","Endocrine system","hsa04924","Renin secretion","9/281","69/8542",0.130434782608696,3.96503171901594,4.56064738919353,0.000397992522701783,0.00668627438138995,0.00539035486887327,"111/153/183/185/51806/9635/4881/5140/5567",9
"Organismal Systems","Endocrine system","hsa04920","Adipocytokine signaling pathway","9/281","70/8542",0.128571428571429,3.90838840874428,4.50608792228046,0.000443798977556319,0.00698983389651203,0.00563507912291905,"32/9370/948/8471/3952/5105/5443/10891/53632",9
"Human Diseases","Cancer: overview","hsa05204","Chemical carcinogenesis - DNA adducts","9/281","71/8542",0.126760563380282,3.85334068467746,4.45252813263028,0.000493855530235552,0.00732068197760936,0.00590180293098833,"1553/1548/1549/2949/3290/6799/7365/10720/54490",9
"Organismal Systems","Circulatory system","hsa04261","Adrenergic signaling in cardiomyocytes","14/281","154/8542",0.0909090909090909,2.76350695567777,4.07286050955353,0.000531624337871149,0.00744274073019608,0.0060002045151539,"107/111/153/183/185/477/491/783/51806/84699/4624/4625/64208/5567",14
"Human Diseases","Cardiovascular disease","hsa05414","Dilated cardiomyopathy","11/281","105/8542",0.104761904761905,3.18461277749534,4.1539982021725,0.000641828832666592,0.00849429183117939,0.00684794621310619,"107/111/153/183/783/1674/4607/4624/4625/5567/6445",11
"Organismal Systems","Aging","hsa04211","Longevity regulating pathway","10/281","90/8542",0.111111111111111,3.37761961249506,4.18191397513331,0.000707857652598282,0.00849429183117939,0.00684794621310619,"107/111/9370/84699/253314/8471/5468/10891/5567/53632",10
"Organismal Systems","Digestive system","hsa04976","Bile secretion","10/281","90/8542",0.111111111111111,3.37761961249506,4.18191397513331,0.000707857652598282,0.00849429183117939,0.00684794621310619,"1244/107/111/477/5567/6344/8671/7365/10720/54490",10
"Human Diseases","Substance dependence","hsa05032","Morphine addiction","10/281","91/8542",0.10989010989011,3.34050291345665,4.13968257380217,0.000772638831624715,0.00885022661679219,0.00713489447385502,"107/111/2556/2562/2567/55879/200959/94235/5140/5567",10
"Organismal Systems","Endocrine system","hsa04927","Cortisol synthesis and secretion","8/281","65/8542",0.123076923076923,3.74136326307145,4.09160202671691,0.00123008487662926,0.0130086229416542,0.0104873192470312,"107/111/183/185/84699/3777/5443/5567",8
"Environmental Information Processing","Signal transduction","hsa04024","cAMP signaling pathway","17/281","226/8542",0.0752212389380531,2.28661858722011,3.61524729817305,0.00123891647063373,0.0130086229416542,0.0104873192470312,"107/111/153/268/477/491/51806/84699/2740/2890/3991/4881/5020/5140/5443/64208/5567",17
"Metabolism","Amino acid metabolism","hsa00360","Phenylalanine metabolism","4/281","16/8542",0.25,7.59964412811388,4.87302965985103,0.00152543443593885,0.0153763791142636,0.0123961619425767,"218/8639/4128/4129",4
"Human Diseases","Substance dependence","hsa05031","Amphetamine addiction","8/281","69/8542",0.115942028985507,3.52447263912528,3.88300384001906,0.00181967051531164,0.0176368065330205,0.014218478115593,"111/51806/84699/2890/4128/4129/5567/6570",8
"Human Diseases","Substance dependence","hsa05033","Nicotine addiction","6/281","41/8542",0.146341463414634,4.44857217255447,4.0821358118898,0.00204834178002693,0.0191178566135847,0.0154124742122884,"2556/2562/2567/55879/200959/2890",6
"Organismal Systems","Nervous system","hsa04727","GABAergic synapse","9/281","89/8542",0.101123595505618,3.07401335519213,3.62737392883156,0.00251953953722425,0.0226758558350183,0.018280869574597,"107/111/2556/2562/2567/55879/200959/94235/5567",9
"Organismal Systems","Endocrine system","hsa04922","Glucagon signaling pathway","10/281","107/8542",0.0934579439252336,2.84098845910799,3.53420405769558,0.00266559706018559,0.0231631192816128,0.0186736926539318,"32/51806/84699/5105/5140/5207/10891/5567/53632/5837",10
"Environmental Information Processing","Signal transduction","hsa04022","cGMP-PKG signaling pathway","13/281","166/8542",0.0783132530120482,2.38061141362603,3.31282411533284,0.00321418480263712,0.0269991523421518,0.0217662339266303,"107/111/153/185/477/491/51806/84699/8471/4624/4625/4881/5140",13
"Organismal Systems","Nervous system","hsa04728","Dopaminergic synapse","11/281","132/8542",0.0833333333333333,2.53321470937129,3.27403377017511,0.00408269830513736,0.0331883862224069,0.0267558836295929,"111/51806/84699/94235/2890/3798/4128/4129/5567/6323/6570",11
"Human Diseases","Substance dependence","hsa05030","Cocaine addiction","6/281","49/8542",0.122448979591837,3.72227467499455,3.52444413248795,0.00511672758103879,0.0402942297006805,0.0324844876033055,"111/84699/4128/4129/5567/6570",6
"Organismal Systems","Endocrine system","hsa04910","Insulin signaling pathway","11/281","138/8542",0.0797101449275362,2.42307493939863,3.10824684758216,0.00570863870173963,0.0432590918395243,0.0348747064537518,"32/51806/253314/8471/3991/5105/5140/10891/5567/53632/5837",11
"Organismal Systems","Excretory system","hsa04964","Proximal tubule bicarbonate reclamation","4/281","23/8542",0.173913043478261,5.28670895868792,3.79651235257541,0.00619236191760704,0.0432590918395243,0.0348747064537518,"477/762/5105/8671",4
"Metabolism","Carbohydrate metabolism","hsa00010","Glycolysis / Gluconeogenesis","7/281","67/8542",0.104477611940299,3.1759706804058,3.29770495636564,0.00622783570105177,0.0432590918395243,0.0348747064537518,"124/125/126/127/131/218/5105",7
"Organismal Systems","Digestive system","hsa04979","Cholesterol metabolism","6/281","51/8542",0.117647058823529,3.57630311911241,3.40324987099336,0.00623954929759775,0.0432590918395243,0.0348747064537518,"27329/55908/336/338/948/4023",6
"Environmental Information Processing","Signal transduction","hsa04371","Apelin signaling pathway","11/281","140/8542",0.0785714285714286,2.3884595831215,3.05490093471801,0.00635153332564444,0.0432590918395243,0.0348747064537518,"107/111/185/51806/94235/3991/5140/5346/10891/5567/53632",11
"Organismal Systems","Endocrine system","hsa04911","Insulin secretion","8/281","86/8542",0.0930232558139535,2.82777455929819,3.14181476533232,0.00715287281779106,0.0467938997952882,0.0377244054322916,"107/111/477/1131/84699/2740/5567/6616",8
"Metabolism","Glycan biosynthesis and metabolism","hsa00534","Glycosaminoglycan biosynthesis - heparan sulfate / heparin","4/281","24/8542",0.166666666666667,5.06642941874259,3.67909711173988,0.0072419130635565,0.0467938997952882,0.0377244054322916,"2134/222537/266722/64579",4
"Organismal Systems","Digestive system","hsa04972","Pancreatic secretion","9/281","106/8542",0.0849056603773585,2.58101121332169,3.02072233743451,0.00803007063458849,0.0505894449979075,0.0407843061177784,"107/111/477/491/1131/9635/1360/6344/8671",9
"Organismal Systems","Immune system","hsa04657","IL-17 signaling pathway","8/281","95/8542",0.0842105263157895,2.55988012736467,2.81963563504538,0.0127348737015495,0.0772544293364099,0.0622811397741317,"6364/1440/6374/4312/6278/338324/6279/6280",8
"Metabolism","Lipid metabolism","hsa00071","Fatty acid degradation","5/281","43/8542",0.116279069767442,3.53471819912273,3.07306117671792,0.012875738222735,0.0772544293364099,0.0622811397741317,"124/125/126/127/131",5
"Human Diseases","Cardiovascular disease","hsa05410","Hypertrophic cardiomyopathy","8/281","99/8542",0.0808080808080808,2.45645062726913,2.68816659146596,0.0160413048267712,0.0927810701497528,0.0747984400121232,"183/783/1674/4607/4624/4625/53632/6445",8
"Organismal Systems","Endocrine system","hsa04915","Estrogen signaling pathway","10/281","139/8542",0.0719424460431655,2.18694795053637,2.60203481485103,0.0161998693912267,0.0927810701497528,0.0747984400121232,"107/111/51806/84699/2852/3860/54474/3881/5443/5567",10
"Metabolism","Lipid metabolism","hsa00140","Steroid hormone biosynthesis","6/281","63/8542",0.0952380952380952,2.89510252499576,2.78433750362132,0.0169912038299631,0.0951507414477934,0.0767088266475527,"1645/6718/3290/7365/10720/54490",6
"Human Diseases","Endocrine and metabolic disease","hsa04936","Alcoholic liver disease","10/281","144/8542",0.0694444444444444,2.11101225780941,2.4797241477716,0.0202519002245847,0.110945192534681,0.0894420307401565,"32/124/125/126/127/131/9370/3929/10891/53632",10
"Human Diseases","Substance dependence","hsa05034","Alcoholism","12/281","188/8542",0.0638297872340425,1.9403346710078,2.40439240924055,0.0212035811518929,0.113687286176107,0.0916526576106459,"111/51806/84699/94235/8354/8359/8366/8364/4128/4129/5567/6570",12
"Organismal Systems","Nervous system","hsa04723","Retrograde endocannabinoid signaling","10/281","149/8542",0.0671140939597315,2.04017292029903,2.36227947033861,0.0250003602822238,0.131251891481675,0.105812928387482,"107/111/2556/2562/2567/55879/200959/94235/2890/5567",10
"Human Diseases","Endocrine and metabolic disease","hsa04931","Insulin resistance","8/281","109/8542",0.073394495412844,2.2310881844004,2.38562716662238,0.0269517793603565,0.138609150996119,0.111744219474733,"32/183/948/84699/5105/10891/53632/5837",8
"Metabolism","Carbohydrate metabolism","hsa00040","Pentose and glucuronate interconversions","4/281","36/8542",0.111111111111111,3.37761961249506,2.63646582079684,0.0295449527760117,0.148906561991099,0.120045808121479,"441282/7365/10720/54490",4
"Organismal Systems","Nervous system","hsa04726","Serotonergic synapse","8/281","115/8542",0.0695652173913043,2.11468358347517,2.21950045358599,0.0355357140246363,0.175588234004085,0.141556095082659,"111/247/2562/94235/4128/4129/5567/6570",8
"Organismal Systems","Endocrine system","hsa04918","Thyroid hormone synthesis","6/281","75/8542",0.08,2.43188612099644,2.29702404404487,0.0364506529182456,0.176645471834575,0.142408421320271,"107/111/477/84699/2878/5567",6
"Organismal Systems","Endocrine system","hsa04614","Renin-angiotensin system","3/281","23/8542",0.130434782608696,3.96503171901594,2.6259724314168,0.0383546864224393,0.17980148923337,0.144952746123812,"183/185/3817",3
"Organismal Systems","Digestive system","hsa04971","Gastric acid secretion","6/281","76/8542",0.0789473684210526,2.39988761940438,2.26074743375227,0.0385288905500079,0.17980148923337,0.144952746123812,"107/111/477/51806/1131/5567",6
"Metabolism","Amino acid metabolism","hsa00260","Glycine, serine and threonine metabolism","4/281","41/8542",0.0975609756097561,2.96571478170298,2.32685131841303,0.0447641554305948,0.205101221245634,0.165348937762771,"212/8639/4128/4129",4
"Organismal Systems","Environmental adaptation","hsa04714","Thermogenesis","13/281","235/8542",0.0553191489361702,1.68162338154009,1.95410328674972,0.0463302681906151,0.208486206857768,0.168077852646405,"51412/107/111/170712/84699/152831/3991/4881/5346/5468/10891/5567/53632",13
"Metabolism","Amino acid metabolism","hsa00380","Tryptophan metabolism","4/281","42/8542",0.0952380952380952,2.89510252499576,2.27059199497725,0.0482462510513987,0.209001679361413,0.168493417363211,"26/4128/4129/6999",4
"Organismal Systems","Endocrine system","hsa04916","Melanogenesis","7/281","101/8542",0.0693069306930693,2.10683203551672,2.06365297159904,0.0484167201398948,0.209001679361413,0.168493417363211,"107/111/51806/84699/5443/5567/7306",7
"Organismal Systems","Digestive system","hsa04978","Mineral absorption","5/281","61/8542",0.0819672131147541,2.4916865993816,2.15630497030605,0.0495927611217187,0.209001679361413,0.168493417363211,"477/491/4496/795/7018",5
"Metabolism","Xenobiotics biodegradation and metabolism","hsa00983","Drug metabolism - other enzymes","6/281","81/8542",0.0740740740740741,2.25174640833004,2.08756124479728,0.0500424557978429,0.209001679361413,0.168493417363211,"1548/1549/2949/7365/10720/54490",6
"Human Diseases","Infectious disease: bacterial","hsa05150","Staphylococcus aureus infection","7/281","102/8542",0.0686274509803922,2.08617681948224,2.0352633048699,0.0505916763533579,0.209001679361413,0.168493417363211,"1675/1828/2215/2266/3860/54474/3881",7
"Organismal Systems","Aging","hsa04213","Longevity regulating pathway - multiple species","5/281","62/8542",0.0806451612903226,2.45149810584319,2.11546381854671,0.052557505268976,0.213620827867451,0.172217292307511,"107/111/8471/5567/53632",5
"Organismal Systems","Digestive system","hsa04974","Protein digestion and absorption","7/281","105/8542",0.0666666666666667,2.02657176749703,1.95200601246727,0.0574831954038322,0.229932781615329,0.185367697793477,"477/1302/57642/1297/1360/3769/6564",7
"Organismal Systems","Sensory system","hsa04742","Taste transduction","6/281","86/8542",0.0697674418604651,2.12083091947364,1.92662881443946,0.0634638684683348,0.246662586407208,0.198854967320765,"40/1131/2556/346562/22953/5567",6
"Metabolism","Metabolism of cofactors and vitamins","hsa00860","Porphyrin metabolism","4/281","46/8542",0.0869565217391304,2.64335447934396,2.06107657172057,0.0636232861764624,0.246662586407208,0.198854967320765,"212/7365/10720/54490",4
"Organismal Systems","Circulatory system","hsa04260","Cardiac muscle contraction","6/281","87/8542",0.0689655172413793,2.09645355258314,1.89576398821085,0.0663794661686042,0.25344887082558,0.204325948493471,"477/783/170712/4624/4625/10345",6
"Organismal Systems","Immune system","hsa04610","Complement and coagulation cascades","6/281","88/8542",0.0681818181818182,2.07263021675833,1.86531185894892,0.0693722316838482,0.260922423646713,0.210350993165479,"1675/2243/2244/2266/3053/7448",6
"Organismal Systems","Circulatory system","hsa04270","Vascular smooth muscle contraction","8/281","134/8542",0.0597014925373134,1.81484038880331,1.75335479267668,0.0742318630764985,0.271940939130975,0.219233923359558,"107/111/183/185/51806/4881/5567/10268",8
"Metabolism","Carbohydrate metabolism","hsa00053","Ascorbate and aldarate metabolism","3/281","30/8542",0.1,3.03985765124555,2.06412451331719,0.074460019047767,0.271940939130975,0.219233923359558,"7365/10720/54490",3
"Metabolism","Amino acid metabolism","hsa00330","Arginine and proline metabolism","4/281","50/8542",0.08,2.43188612099644,1.87274953883112,0.0812626388323061,0.288425140644241,0.23252319191453,"26/1158/4128/4129",4
"Human Diseases","Infectious disease: parasitic","hsa05144","Malaria","4/281","50/8542",0.08,2.43188612099644,1.87274953883112,0.0812626388323061,0.288425140644241,0.23252319191453,"948/1440/3040/3043",4
"Organismal Systems","Nervous system","hsa04725","Cholinergic synapse","7/281","116/8542",0.0603448275862069,1.83439685851025,1.66871487519262,0.0875211855350257,0.30632414937259,0.246953052752339,"107/111/1131/84699/94235/5567/60482",7
"Organismal Systems","Excretory system","hsa04961","Endocrine and other factor-regulated calcium reabsorption","4/281","53/8542",0.0754716981132075,2.29423218961928,1.74306296313149,0.095909879500909,0.331086159373001,0.266915742518752,"477/491/3817/5567",4
"Human Diseases","Cancer: overview","hsa05207","Chemical carcinogenesis - receptor activation","11/281","215/8542",0.0511627906976744,1.555276007614,1.52081037383027,0.0974380157469455,0.331815945516625,0.267504083060604,"107/111/153/55584/84699/1555/2949/5567/7365/10720/54490",11
"Organismal Systems","Environmental adaptation","hsa04713","Circadian entrainment","6/281","97/8542",0.0618556701030928,1.88032432035807,1.60812554256664,0.0997440073585214,0.335139864724632,0.270183767300977,"107/111/51806/94235/2890/5567",6
"Metabolism","Energy metabolism","hsa00910","Nitrogen metabolism","2/281","17/8542",0.117647058823529,3.57630311911241,1.96094510429731,0.106090693503845,0.350348832020244,0.28244496482835,"762/768",2
"Organismal Systems","Endocrine system","hsa04935","Growth hormone synthesis, secretion and action","7/281","122/8542",0.0573770491803279,1.74418061956712,1.52683966959032,0.107051032006186,0.350348832020244,0.28244496482835,"107/111/84699/2690/8471/5567/6753",7
"Environmental Information Processing","Signaling molecules and interaction","hsa04060","Cytokine-cytokine receptor interaction","14/281","298/8542",0.0469798657718121,1.42812104420932,1.38738478145115,0.114018294031531,0.366279225379512,0.295287763150567,"130399/268/650/651/653/6362/6364/1440/284340/6374/2690/3623/3952/4050",14
"Cellular Processes","Cell motility","hsa04814","Motor proteins","10/281","197/8542",0.050761421319797,1.54307494987084,1.42223356270487,0.114825630178498,0.366279225379512,0.295287763150567,"58/3798/4619/4620/4624/4625/29895/4647/7136/113457",10
"Organismal Systems","Endocrine system","hsa04921","Oxytocin signaling pathway","8/281","155/8542",0.0516129032258065,1.56895878773964,1.31836160663374,0.138505123393564,0.430904828335532,0.347387768875346,"107/111/783/51806/4881/5020/5567/53632",8
"Human Diseases","Endocrine and metabolic disease","hsa04934","Cushing syndrome","8/281","155/8542",0.0516129032258065,1.56895878773964,1.31836160663374,0.138505123393564,0.430904828335532,0.347387768875346,"107/111/183/185/84699/3777/5443/5567",8
"Metabolism","Carbohydrate metabolism","hsa00500","Starch and sucrose metabolism","3/281","40/8542",0.075,2.27989323843416,1.49635417561255,0.143452452075029,0.439827354746489,0.354580950150678,"5169/8908/5837",3
"Environmental Information Processing","Signal transduction","hsa04350","TGF-beta signaling pathway","6/281","108/8542",0.0555555555555556,1.68880980624753,1.32857357608417,0.14486377160301,0.439827354746489,0.354580950150678,"130399/268/650/653/3547/7018",6
"Metabolism","Lipid metabolism","hsa00561","Glycerolipid metabolism","4/281","65/8542",0.0615384615384615,1.87068163153572,1.2995296085734,0.165174721501565,0.495524164504695,0.399482722428597,"441282/8513/4023/119548",4
"Organismal Systems","Digestive system","hsa04975","Fat digestion and absorption","3/281","43/8542",0.0697674418604651,2.12083091947364,1.35888162458911,0.167213447428243,0.495738691199027,0.399655670014253,"338/948/8513",3
"Organismal Systems","Nervous system","hsa04720","Long-term potentiation","4/281","67/8542",0.0597014925373134,1.81484038880331,1.2348986192693,0.178131266062698,0.521966035439534,0.420799686047745,"107/51806/2890/5567",4
"Organismal Systems","Immune system","hsa04613","Neutrophil extracellular trap formation","9/281","193/8542",0.0466321243523316,1.41755020006269,1.0820848830283,0.185385553074672,0.531118430395467,0.428178183234441,"2215/2243/2244/2266/8354/8359/8366/8364/23569",9
"Cellular Processes","Cellular community - eukaryotes","hsa04540","Gap junction","5/281","92/8542",0.0543478260869565,1.65209654958997,1.15976145633676,0.185469928074608,0.531118430395467,0.428178183234441,"107/111/153/5567/113457",5
NA,NA,"hsa03272","Virion - Hepatitis viruses","3/281","48/8542",0.0625,1.89991103202847,1.15306894597679,0.2090462299625,0.588510759219201,0.474446852670451,"9071/9074/9080",3
"Organismal Systems","Digestive system","hsa04977","Vitamin digestion and absorption","2/281","26/8542",0.0769230769230769,2.33835203941966,1.26046393067867,0.210182414006858,0.588510759219201,0.474446852670451,"338/80704",2
"Environmental Information Processing","Signal transduction","hsa04020","Calcium signaling pathway","11/281","254/8542",0.0433070866141732,1.31647378597248,0.944323808720635,0.215161793130732,0.595832657900488,0.480349636486192,"107/153/185/491/51806/1131/2668/22953/5567/5731/10345",11
"Organismal Systems","Sensory system","hsa04750","Inflammatory mediator regulation of TRP channels","5/281","99/8542",0.0505050505050505,1.53528164204321,0.987967734864862,0.226449642300672,0.620275107171407,0.500054702105604,"107/111/40/51806/5567",5
"Organismal Systems","Immune system","hsa04611","Platelet activation","6/281","126/8542",0.0476190476190476,1.44755126249788,0.933397010373193,0.234482531580992,0.629065165145461,0.50714108969538,"107/111/2243/2244/2266/5567",6
"Metabolism","Glycan biosynthesis and metabolism","hsa00601","Glycosphingolipid biosynthesis - lacto and neolacto series","2/281","28/8542",0.0714285714285714,2.17132689374682,1.14493680767417,0.234651291760609,0.629065165145461,0.50714108969538,"8707/124872",2
"Organismal Systems","Endocrine system","hsa04913","Ovarian steroidogenesis","3/281","52/8542",0.0576923076923077,1.75376402956474,1.00548233520277,0.243994574431642,0.647227713229199,0.521783411249939,"107/111/5567",3
"Environmental Information Processing","Signal transduction","hsa04392","Hippo signaling pathway - multiple species","2/281","29/8542",0.0689655172413793,2.09645355258314,1.09078493473136,0.246950248331716,0.648244401870756,0.522603047456374,"54798/79981",2
"Human Diseases","Infectious disease: parasitic","hsa05146","Amoebiasis","5/281","103/8542",0.0485436893203883,1.4756590540027,0.895694889952098,0.250978709733008,0.652027163430082,0.525652642197184,"107/909/4583/5567/6317",5
"Organismal Systems","Endocrine system","hsa04926","Relaxin signaling pathway","6/281","130/8542",0.0461538461538462,1.40301122365179,0.853945973568164,0.256425508948372,0.659379880152956,0.531580270967087,"107/111/84699/94235/4312/5567",6
"Organismal Systems","Nervous system","hsa04721","Synaptic vesicle cycle","4/281","79/8542",0.0506329113924051,1.53916843101041,0.887906102356659,0.261796233557662,0.666390412692231,0.537232036965751,"6570/6530/6616/23025",4
"Metabolism","Metabolism of other amino acids","hsa00410","beta-Alanine metabolism","2/281","31/8542",0.0645161290322581,1.96119848467455,0.988768993228099,0.271598797192648,0.677652444480667,0.546311285650663,"218/8639",2
"Metabolism","Carbohydrate metabolism","hsa00630","Glyoxylate and dicarboxylate metabolism","2/281","31/8542",0.0645161290322581,1.96119848467455,0.988768993228099,0.271598797192648,0.677652444480667,0.546311285650663,"54363/51179",2
"Human Diseases","Cardiovascular disease","hsa05417","Lipid and atherosclerosis","9/281","216/8542",0.0416666666666667,1.26660735468565,0.731934145430509,0.281161426873665,0.694634113452583,0.560001603577061,"338/51806/948/1548/1549/1555/3929/4312/5468",9
"Metabolism","Carbohydrate metabolism","hsa00051","Fructose and mannose metabolism","2/281","34/8542",0.0588235294117647,1.78815155955621,0.849232618826258,0.308491683215183,0.754756351167245,0.608471076755549,"441282/5207",2
"Human Diseases","Cardiovascular disease","hsa05412","Arrhythmogenic right ventricular cardiomyopathy","4/281","86/8542",0.0465116279069767,1.41388727964909,0.711442863546611,0.313638099945219,0.759969242174954,0.61267361628975,"89/783/1674/6445",4
"Cellular Processes","Cellular community - eukaryotes","hsa04530","Tight junction","7/281","170/8542",0.0411764705882353,1.25170609168934,0.611356856048463,0.32670887145307,0.777196559001074,0.626561971124508,"909/9071/9074/9080/5567/53632/113457",7
"Organismal Systems","Endocrine system","hsa04928","Parathyroid hormone synthesis, secretion and action","5/281","115/8542",0.0434782608695652,1.32167723967198,0.640507126815646,0.327800156743767,0.777196559001074,0.626561971124508,"107/111/84699/1591/5567",5
"Metabolism","Glycan biosynthesis and metabolism","hsa00512","Mucin type O-glycan biosynthesis","2/281","36/8542",0.0555555555555556,1.68880980624753,0.763799012111773,0.332893215848089,0.777196559001074,0.626561971124508,"64409/11227",2
"Organismal Systems","Nervous system","hsa04724","Glutamatergic synapse","5/281","116/8542",0.0431034482758621,1.31028347036446,0.620537622167004,0.334341370252412,0.777196559001074,0.626561971124508,"107/111/94235/2890/5567",5
"Environmental Information Processing","Signaling molecules and interaction","hsa04512","ECM-receptor interaction","4/281","89/8542",0.0449438202247191,1.36622815786317,0.640519728820071,0.336168352901258,0.777196559001074,0.626561971124508,"948/1297/7148/7448",4
"Metabolism","Lipid metabolism","hsa00590","Arachidonic acid metabolism","3/281","63/8542",0.0476190476190476,1.44755126249788,0.657554801668954,0.343274674532895,0.783253456180428,0.631444933345124,"247/59344/1555",3
"Human Diseases","Infectious disease: parasitic","hsa05143","African trypanosomiasis","2/281","37/8542",0.0540540540540541,1.64316629797057,0.723066418673045,0.345004498555665,0.783253456180428,0.631444933345124,"3040/3043",2
"Metabolism","Metabolism of cofactors and vitamins","hsa00760","Nicotinate and nicotinamide metabolism","2/281","38/8542",0.0526315789473684,1.59992507960292,0.683547029246276,0.357043868297135,0.803348703668553,0.647645362606645,"5169/23057",2
"Organismal Systems","Endocrine system","hsa04912","GnRH signaling pathway","4/281","93/8542",0.043010752688172,1.3074656564497,0.54982773304825,0.366297912047138,0.815690758788675,0.657595306792875,"107/111/51806/5567",4
"Metabolism","Metabolism of cofactors and vitamins","hsa00670","One carbon pool by folate","2/281","39/8542",0.0512820512820513,1.5589013596131,0.645167660425843,0.369002962309163,0.815690758788675,0.657595306792875,"10840/10841",2
"Human Diseases","Immune disease","hsa05323","Rheumatoid arthritis","4/281","95/8542",0.0421052631578947,1.27994006368234,0.506018998119501,0.381349337913033,0.835652462209429,0.673688075214786,"6364/6374/4050/4312",4
"Metabolism","Global and overview maps","hsa01240","Biosynthesis of cofactors","6/281","154/8542",0.038961038961039,1.1843601238619,0.425784012700396,0.395851833445913,0.859953983003191,0.693279526815438,"212/23057/6999/7365/10720/54490",6
"Human Diseases","Cardiovascular disease","hsa05416","Viral myocarditis","3/281","70/8542",0.0428571428571429,1.30279613624809,0.469134730546469,0.406317671802761,0.874998346705366,0.70540802386857,"4624/4625/6445",3
"Human Diseases","Drug resistance: antineoplastic","hsa01522","Endocrine resistance","4/281","99/8542",0.0404040404040404,1.22822531363457,0.421234782664496,0.411318982591393,0.874998346705366,0.70540802386857,"107/111/2852/5567",4
"Metabolism","Nucleotide metabolism","hsa00230","Purine metabolism","5/281","128/8542",0.0390625,1.18744439501779,0.394064578924293,0.413193663721978,0.874998346705366,0.70540802386857,"107/111/5169/4881/5140",5
"Organismal Systems","Excretory system","hsa04962","Vasopressin-regulated water reabsorption","2/281","44/8542",0.0454545454545455,1.38175347783889,0.468211619104633,0.427343538152872,0.896485945298548,0.722730941698495,"84699/5567",2
"Metabolism","Lipid metabolism","hsa00120","Primary bile acid biosynthesis","1/281","17/8542",0.0588235294117647,1.78815155955621,0.599899107636255,0.434013037009614,0.896485945298548,0.722730941698495,"6718",1
"Metabolism","Metabolism of other amino acids","hsa00430","Taurine and hypotaurine metabolism","1/281","17/8542",0.0588235294117647,1.78815155955621,0.599899107636255,0.434013037009614,0.896485945298548,0.722730941698495,"2328",1
"Environmental Information Processing","Membrane transport","hsa02010","ABC transporters","2/281","45/8542",0.0444444444444444,1.35104784499802,0.435442654593263,0.438678156275036,0.898755247002512,0.724560412161591,"340273/1244",2
"Organismal Systems","Immune system","hsa04062","Chemokine signaling pathway","7/281","193/8542",0.0362694300518135,1.10253904449321,0.265730803025851,0.451071387838588,0.905338059145398,0.729867357623483,"107/111/6362/6364/6374/94235/5567",7
"Metabolism","Lipid metabolism","hsa00061","Fatty acid biosynthesis","1/281","18/8542",0.0555555555555556,1.68880980624753,0.539516912362153,0.452669029572699,0.905338059145398,0.729867357623483,"32",1
"Metabolism","Glycan biosynthesis and metabolism","hsa00511","Other glycan degradation","1/281","18/8542",0.0555555555555556,1.68880980624753,0.539516912362153,0.452669029572699,0.905338059145398,0.729867357623483,"129807",1
"Metabolism","Glycan biosynthesis and metabolism","hsa00514","Other types of O-glycan biosynthesis","2/281","47/8542",0.0425531914893617,1.29355644733853,0.372177462320494,0.460974125904717,0.907542810374912,0.731644788648112,"64409/11227",2
"Human Diseases","Endocrine and metabolic disease","hsa04930","Type II diabetes mellitus","2/281","47/8542",0.0425531914893617,1.29355644733853,0.372177462320494,0.460974125904717,0.907542810374912,0.731644788648112,"9370/8471",2
"Human Diseases","Infectious disease: bacterial","hsa05133","Pertussis","3/281","78/8542",0.0384615384615385,1.16917601970983,0.276814915093185,0.476000919461282,0.926282618701395,0.746752487090097,"51806/6374/653509",3
"Human Diseases","Cancer: overview","hsa05202","Transcriptional misregulation in cancer","7/281","198/8542",0.0353535353535354,1.07469714943025,0.196128490562893,0.477844208060244,0.926282618701395,0.746752487090097,"8354/3207/5081/5468/171558/6756/3195",7
"Metabolism","Lipid metabolism","hsa00100","Steroid biosynthesis","1/281","20/8542",0.05,1.51992882562278,0.429318238459641,0.488162615249716,0.939060908724644,0.757054116056209,"1591",1
"Human Diseases","Immune disease","hsa05322","Systemic lupus erythematosus","5/281","141/8542",0.0354609929078014,1.07796370611544,0.17215821437964,0.496892160567527,0.94516467303272,0.761974861718108,"2215/8354/8359/8366/8364",5
"Organismal Systems","Endocrine system","hsa04914","Progesterone-mediated oocyte maturation","4/281","111/8542",0.036036036036036,1.09544419864705,0.186664912259175,0.498836910767269,0.94516467303272,0.761974861718108,"107/111/5140/5567",4
"Metabolism","Metabolism of cofactors and vitamins","hsa00770","Pantothenate and CoA biosynthesis","1/281","21/8542",0.0476190476190476,1.44755126249788,0.378702664777665,0.505039675225641,0.94977610564822,0.7656925162494,"5169",1
"Organismal Systems","Digestive system","hsa04973","Carbohydrate digestion and absorption","2/281","52/8542",0.0384615384615385,1.16917601970983,0.225672083949632,0.514368565821305,0.959088013529641,0.773199609904849,"477/346562",2
"Cellular Processes","Transport and catabolism","hsa04146","Peroxisome","3/281","83/8542",0.036144578313253,1.09874372936586,0.166717146813756,0.517603054920759,0.959088013529641,0.773199609904849,"54363/51179/51555",3
"Organismal Systems","Immune system","hsa04670","Leukocyte transendothelial migration","4/281","116/8542",0.0344827586206897,1.04822677629157,0.0964489956541952,0.533672960346321,0.973638288461242,0.784929781424477,"9071/9074/9080/29895",4
"Metabolism","Lipid metabolism","hsa00600","Sphingolipid metabolism","2/281","54/8542",0.037037037037037,1.12587320416502,0.17112706104364,0.534731196025151,0.973638288461242,0.784929781424477,"129807/768239",2
"Human Diseases","Neurodegenerative disease","hsa05012","Parkinson disease","9/281","271/8542",0.033210332103321,1.00954682144686,0.0294547706136347,0.537046516254415,0.973638288461242,0.784929781424477,"111/51806/170712/3798/4128/4129/5567/6570/113457",9
"Organismal Systems","Endocrine system","hsa04919","Thyroid hormone signaling pathway","4/281","122/8542",0.0327868852459016,0.99667463975264,-0.00682266080014475,0.573834659847101,0.999807956971928,0.806027300315715,"477/4624/4625/5567",4
"Genetic Information Processing","Transcription","hsa03040","Spliceosome","7/281","217/8542",0.032258064516129,0.980599242337275,-0.0533884910746399,0.575612536810644,0.999807956971928,0.806027300315715,"124904613/26835/26834/26831/124904621/124904619/26864",7
"Metabolism","Metabolism of other amino acids","hsa00480","Glutathione metabolism","2/281","59/8542",0.0338983050847458,1.0304602207612,0.0432987669382253,0.583033605166759,0.999807956971928,0.806027300315715,"2878/2949",2
"Human Diseases","Endocrine and metabolic disease","hsa04932","Non-alcoholic fatty liver disease","5/281","157/8542",0.0318471337579618,0.968107532243806,-0.0743836743751152,0.593033729875928,0.999807956971928,0.806027300315715,"9370/170712/3952/5468/53632",5
"Metabolism","Carbohydrate metabolism","hsa00650","Butanoate metabolism","1/281","27/8542",0.037037037037037,1.12587320416502,0.120813106959744,0.595271130874524,0.999807956971928,0.806027300315715,"54988",1
"Cellular Processes","Transport and catabolism","hsa04145","Phagosome","5/281","159/8542",0.0314465408805031,0.955930079008035,-0.103450432528004,0.604331146703191,0.999807956971928,0.806027300315715,"948/2215/8685/653509/113457",5
"Metabolism","Metabolism of cofactors and vitamins","hsa00790","Folate biosynthesis","1/281","28/8542",0.0357142857142857,1.08566344687341,0.0837334427487401,0.608627421212076,0.999807956971928,0.806027300315715,"441282",1
"Environmental Information Processing","Signaling molecules and interaction","hsa04514","Cell adhesion molecules","5/281","160/8542",0.03125,0.949955516014235,-0.117851085870659,0.609912909526536,0.999807956971928,0.806027300315715,"9071/9074/9080/9378/22854",5
"Human Diseases","Infectious disease: viral","hsa05163","Human cytomegalovirus infection","7/281","226/8542",0.0309734513274336,0.941548830031808,-0.16424093076343,0.618818653902599,0.999807956971928,0.806027300315715,"107/111/51806/84699/94235/5567/5731",7
"Organismal Systems","Sensory system","hsa04744","Phototransduction","1/281","29/8542",0.0344827586206897,1.04822677629157,0.0479774459260686,0.62154446310066,0.999807956971928,0.806027300315715,"51806",1
"Metabolism","Carbohydrate metabolism","hsa00020","Citrate cycle (TCA cycle)","1/281","30/8542",0.0333333333333333,1.01328588374852,0.0134439372814331,0.634036652207757,0.999807956971928,0.806027300315715,"5105",1
"Human Diseases","Drug resistance: antineoplastic","hsa01523","Antifolate resistance","1/281","30/8542",0.0333333333333333,1.01328588374852,0.0134439372814331,0.634036652207757,0.999807956971928,0.806027300315715,"1244",1
"Environmental Information Processing","Signaling molecules and interaction","hsa04061","Viral protein interaction with cytokine and cytokine receptor","3/281","100/8542",0.03,0.911957295373665,-0.163328476583965,0.644351907787891,0.999807956971928,0.806027300315715,"6362/6364/6374",3
"Organismal Systems","Immune system","hsa04640","Hematopoietic cell lineage","3/281","100/8542",0.03,0.911957295373665,-0.163328476583965,0.644351907787891,0.999807956971928,0.806027300315715,"909/948/1440",3
NA,NA,"hsa04981","Folate transport and metabolism","1/281","31/8542",0.032258064516129,0.980599242337275,-0.0199572387263285,0.646117914041594,0.999807956971928,0.806027300315715,"1244",1
"Environmental Information Processing","Signal transduction","hsa04151","PI3K-Akt signaling pathway","11/281","362/8542",0.0303867403314917,0.923713650930969,-0.273536744625209,0.650907513512933,0.999807956971928,0.806027300315715,"1297/84699/1440/253314/2668/2690/94235/4908/5105/7148/7448",11
"Metabolism","Carbohydrate metabolism","hsa00052","Galactose metabolism","1/281","32/8542",0.03125,0.949955516014235,-0.052306737694703,0.657801719253004,0.999807956971928,0.806027300315715,"441282",1
"Metabolism","Carbohydrate metabolism","hsa00640","Propanoate metabolism","1/281","32/8542",0.03125,0.949955516014235,-0.052306737694703,0.657801719253004,0.999807956971928,0.806027300315715,"32",1
"Human Diseases","Infectious disease: viral","hsa05171","Coronavirus disease - COVID-19","7/281","238/8542",0.0294117647058824,0.894075779778103,-0.30565485158932,0.67251804442995,0.999807956971928,0.806027300315715,"185/1675/1440/2243/2244/2266/4312",7
"Cellular Processes","Cell growth and death","hsa04114","Oocyte meiosis","4/281","139/8542",0.0287769784172662,0.874779180214547,-0.274509874235594,0.676241428662128,0.999807956971928,0.806027300315715,"107/111/51806/5567",4
"Organismal Systems","Environmental adaptation","hsa04710","Circadian rhythm","1/281","34/8542",0.0294117647058824,0.894075779778103,-0.114133255013569,0.680028656478153,0.999807956971928,0.806027300315715,"53632",1
"Metabolism","Amino acid metabolism","hsa00250","Alanine, aspartate and glutamate metabolism","1/281","37/8542",0.027027027027027,0.821583148985284,-0.200581457550247,0.710700354452816,0.999807956971928,0.806027300315715,"443",1
"Human Diseases","Cancer: specific types","hsa05216","Thyroid cancer","1/281","37/8542",0.027027027027027,0.821583148985284,-0.200581457550247,0.710700354452816,0.999807956971928,0.806027300315715,"5468",1
"Human Diseases","Drug resistance: antineoplastic","hsa01524","Platinum drug resistance","2/281","75/8542",0.0266666666666667,0.810628706998814,-0.303788413685359,0.712372332642131,0.999807956971928,0.806027300315715,"1244/2949",2
"Organismal Systems","Excretory system","hsa04960","Aldosterone-regulated sodium reabsorption","1/281","38/8542",0.0263157894736842,0.799962539801461,-0.227920145874187,0.720258637862429,0.999807956971928,0.806027300315715,"477",1
"Environmental Information Processing","Signal transduction","hsa04072","Phospholipase D signaling pathway","4/281","149/8542",0.0268456375838926,0.816069168119611,-0.417715189113399,0.727942627335275,0.999807956971928,0.806027300315715,"107/111/183/185",4
"Human Diseases","Cancer: specific types","hsa05219","Bladder cancer","1/281","41/8542",0.024390243902439,0.741428695425744,-0.306075421802112,0.747086177823849,0.999807956971928,0.806027300315715,"4312",1
"Metabolism","Glycan biosynthesis and metabolism","hsa00513","Various types of N-glycan biosynthesis","1/281","42/8542",0.0238095238095238,0.723775631248941,-0.330954569597864,0.755446227704039,0.999807956971928,0.806027300315715,"25834",1
"Cellular Processes","Cell growth and death","hsa04216","Ferroptosis","1/281","42/8542",0.0238095238095238,0.723775631248941,-0.330954569597864,0.755446227704039,0.999807956971928,0.806027300315715,"7018",1
"Environmental Information Processing","Signal transduction","hsa04668","TNF signaling pathway","3/281","119/8542",0.0252100840336134,0.766350668381231,-0.473364661635285,0.756039920512511,0.999807956971928,0.806027300315715,"6364/84699/6374",3
"Environmental Information Processing","Signal transduction","hsa04390","Hippo signaling pathway","4/281","157/8542",0.0254777070063694,0.774486025795045,-0.525972406793193,0.764693966624146,0.999807956971928,0.806027300315715,"268/650/653/79981",4
"Cellular Processes","Cellular community - eukaryotes","hsa04510","Focal adhesion","5/281","203/8542",0.0246305418719212,0.748733411636835,-0.668216176277586,0.803534374497054,0.999807956971928,0.806027300315715,"1297/29895/5923/7148/7448",5
"Human Diseases","Infectious disease: bacterial","hsa05130","Pathogenic Escherichia coli infection","5/281","203/8542",0.0246305418719212,0.748733411636835,-0.668216176277586,0.803534374497054,0.999807956971928,0.806027300315715,"9071/9074/9080/147945/113457",5
"Environmental Information Processing","Signal transduction","hsa04630","JAK-STAT signaling pathway","4/281","168/8542",0.0238095238095238,0.723775631248941,-0.666870278835495,0.808787064728983,0.999807956971928,0.806027300315715,"1440/2273/2690/3952",4
"Human Diseases","Neurodegenerative disease","hsa05016","Huntington disease","8/281","311/8542",0.0257234726688103,0.781956952088888,-0.722415985903758,0.809358341390106,0.999807956971928,0.806027300315715,"170712/84699/2878/2890/3798/5468/10891/113457",8
"Human Diseases","Cancer: overview","hsa05203","Viral carcinogenesis","5/281","205/8542",0.024390243902439,0.741428695425744,-0.691104253928903,0.810315722464811,0.999807956971928,0.806027300315715,"84699/8359/8366/8364/5567",5
"Environmental Information Processing","Signal transduction","hsa04068","FoxO signaling pathway","3/281","133/8542",0.0225563909774436,0.685682176972681,-0.673773400808691,0.818869534563922,0.999807956971928,0.806027300315715,"8471/5105/53632",3
"Human Diseases","Infectious disease: bacterial","hsa05110","Vibrio cholerae infection","1/281","51/8542",0.0196078431372549,0.596050519852069,-0.533609964604982,0.819319231109837,0.999807956971928,0.806027300315715,"5567",1
"Metabolism","Glycan biosynthesis and metabolism","hsa00510","N-Glycan biosynthesis","1/281","54/8542",0.0185185185185185,0.56293660208251,-0.594196161697079,0.836672382900284,0.999807956971928,0.806027300315715,"25834",1
"Environmental Information Processing","Signal transduction","hsa04070","Phosphatidylinositol signaling system","2/281","98/8542",0.0204081632653061,0.620379112499092,-0.697076168627502,0.838242330945051,0.999807956971928,0.806027300315715,"51806/117283",2
"Human Diseases","Cancer: specific types","hsa05215","Prostate cancer","2/281","98/8542",0.0204081632653061,0.620379112499092,-0.697076168627502,0.838242330945051,0.999807956971928,0.806027300315715,"84699/354",2
"Environmental Information Processing","Signal transduction","hsa04340","Hedgehog signaling pathway","1/281","56/8542",0.0178571428571429,0.542831723436706,-0.633008870841721,0.847308100120197,0.999807956971928,0.806027300315715,"5567",1
"Human Diseases","Endocrine and metabolic disease","hsa04933","AGE-RAGE signaling pathway in diabetic complications","2/281","101/8542",0.0198019801980198,0.601952010147634,-0.742147761122921,0.850368279723012,0.999807956971928,0.806027300315715,"183/185",2
"Organismal Systems","Development and regeneration","hsa04380","Osteoclast differentiation","3/281","143/8542",0.020979020979021,0.637732374387179,-0.805702966267219,0.854869557902172,0.999807956971928,0.806027300315715,"2215/10990/5468",3
"Metabolism","Nucleotide metabolism","hsa00240","Pyrimidine metabolism","1/281","58/8542",0.0172413793103448,0.524113388145785,-0.670669202262678,0.857253535075247,0.999807956971928,0.806027300315715,"5169",1
"Environmental Information Processing","Signal transduction","hsa04064","NF-kappa B signaling pathway","2/281","105/8542",0.019047619047619,0.579020504999153,-0.800484224664267,0.865252086034584,0.999807956971928,0.806027300315715,"3929/4050",2
"Organismal Systems","Nervous system","hsa04730","Long-term depression","1/281","60/8542",0.0166666666666667,0.506642941874259,-0.707259918543511,0.866553339045161,0.999807956971928,0.806027300315715,"2890",1
"Environmental Information Processing","Signal transduction","hsa04330","Notch signaling pathway","1/281","62/8542",0.0161290322580645,0.490299621168637,-0.742855058078724,0.875249284699785,0.999807956971928,0.806027300315715,"171558",1
"Metabolism","Amino acid metabolism","hsa00310","Lysine degradation","1/281","63/8542",0.0158730158730159,0.482517087499294,-0.760300332965958,0.879383123261031,0.999807956971928,0.806027300315715,"150572",1
"Human Diseases","Cancer: specific types","hsa05217","Basal cell carcinoma","1/281","63/8542",0.0158730158730159,0.482517087499294,-0.760300332965958,0.879383123261031,0.999807956971928,0.806027300315715,"650",1
"Environmental Information Processing","Signal transduction","hsa04066","HIF-1 signaling pathway","2/281","110/8542",0.0181818181818182,0.552701391135555,-0.870802768160149,0.881949579779085,0.999807956971928,0.806027300315715,"253314/7018",2
"Organismal Systems","Endocrine system","hsa04929","GnRH secretion","1/281","65/8542",0.0153846153846154,0.467670407883931,-0.794524705034221,0.887245760473752,0.999807956971928,0.806027300315715,"2852",1
"Cellular Processes","Transport and catabolism","hsa04148","Efferocytosis","3/281","157/8542",0.0191082802547771,0.580864519346284,-0.97756113921127,0.894734254352312,0.999807956971928,0.806027300315715,"948/5468/389668",3
"Environmental Information Processing","Signal transduction","hsa04014","Ras signaling pathway","5/281","238/8542",0.0210084033613445,0.63862555698436,-1.04278182569321,0.897413444267983,0.999807956971928,0.806027300315715,"51806/94235/4908/5567/5923",5
"Metabolism","Global and overview maps","hsa01200","Carbon metabolism","2/281","116/8542",0.0172413793103448,0.524113388145785,-0.951728257371423,0.899461987179288,0.999807956971928,0.806027300315715,"54363/51179",2
"Human Diseases","Infectious disease: viral","hsa05160","Hepatitis C","3/281","159/8542",0.0188679245283019,0.573558047404821,-1.00103661297921,0.899550652572875,0.999807956971928,0.806027300315715,"9071/9074/9080",3
"Organismal Systems","Endocrine system","hsa04917","Prolactin signaling pathway","1/281","71/8542",0.0140845070422535,0.428148964964162,-0.892351493406975,0.907898835645732,0.999807956971928,0.806027300315715,"1447",1
"Organismal Systems","Nervous system","hsa04722","Neurotrophin signaling pathway","2/281","120/8542",0.0166666666666667,0.506642941874259,-1.0037731164851,0.909762075707213,0.999807956971928,0.806027300315715,"51806/4908",2
"Human Diseases","Cardiovascular disease","hsa05415","Diabetic cardiomyopathy","4/281","205/8542",0.0195121951219512,0.593142956340595,-1.0874394360075,0.910254285374364,0.999807956971928,0.806027300315715,"183/185/948/170712",4
"Human Diseases","Cancer: specific types","hsa05223","Non-small cell lung cancer","1/281","73/8542",0.0136986301369863,0.416418856335007,-0.923501965749569,0.913908197356893,0.999807956971928,0.806027300315715,"3798",1
"Genetic Information Processing","Translation","hsa03008","Ribosome biogenesis in eukaryotes","3/281","168/8542",0.0178571428571429,0.542831723436706,-1.10371122375979,0.918861435712232,0.999807956971928,0.806027300315715,"780851/26851/780852",3
"Human Diseases","Cancer: specific types","hsa05214","Glioma","1/281","76/8542",0.0131578947368421,0.39998126990073,-0.968999786463127,0.9221974871197,0.999807956971928,0.806027300315715,"51806",1
"Genetic Information Processing","Folding, sorting and degradation","hsa03018","RNA degradation","1/281","78/8542",0.0128205128205128,0.389725339903276,-0.998564267606915,0.927276846660464,0.999807956971928,0.806027300315715,"154197",1
"Human Diseases","Infectious disease: parasitic","hsa05140","Leishmaniasis","1/281","79/8542",0.0126582278481013,0.384792107752601,-1.01312838498495,0.929691214109473,0.999807956971928,0.806027300315715,"2215",1
"Human Diseases","Drug resistance: antineoplastic","hsa01521","EGFR tyrosine kinase inhibitor resistance","1/281","80/8542",0.0125,0.379982206405694,-1.02755208802654,0.932025701742137,0.999807956971928,0.806027300315715,"253314",1
"Cellular Processes","Transport and catabolism","hsa04142","Lysosome","2/281","133/8542",0.0150375939849624,0.457121451315121,-1.16371741968226,0.93682178653488,0.999807956971928,0.806027300315715,"58511/768239",2
"Organismal Systems","Immune system","hsa04623","Cytosolic DNA-sensing pathway","1/281","83/8542",0.0120481927710843,0.366247909788621,-1.07001569563792,0.938575793018292,0.999807956971928,0.806027300315715,"58511",1
"Human Diseases","Infectious disease: viral","hsa05166","Human T-cell leukemia virus 1 infection","4/281","224/8542",0.0178571428571429,0.542831723436706,-1.27873881359222,0.940922717209162,0.999807956971928,0.806027300315715,"107/111/84699/5567",4
"Human Diseases","Infectious disease: bacterial","hsa05152","Tuberculosis","3/281","182/8542",0.0164835164835165,0.501075437018498,-1.25475417864582,0.942270733365885,0.999807956971928,0.806027300315715,"51806/2215/3929",3
"Metabolism","Global and overview maps","hsa01232","Nucleotide metabolism","1/281","85/8542",0.0117647058823529,0.357630311911241,-1.09768453804144,0.94258915270575,0.999807956971928,0.806027300315715,"5169",1
"Metabolism","Energy metabolism","hsa00190","Oxidative phosphorylation","2/281","138/8542",0.0144927536231884,0.44055907989066,-1.22191771367511,0.945023855837933,0.999807956971928,0.806027300315715,"479/170712",2
"Organismal Systems","Development and regeneration","hsa04360","Axon guidance","3/281","184/8542",0.016304347826087,0.495628964876992,-1.27555466667827,0.945053004646332,0.999807956971928,0.806027300315715,"22854/6585/137970",3
"Human Diseases","Cardiovascular disease","hsa05418","Fluid shear stress and atherosclerosis","2/281","141/8542",0.0141843971631206,0.431185482446178,-1.25604716007574,0.94944899532409,0.999807956971928,0.806027300315715,"51806/2949",2
"Organismal Systems","Immune system","hsa04662","B cell receptor signaling pathway","1/281","91/8542",0.010989010989011,0.334050291345665,-1.17787522847962,0.953127859843335,0.999807956971928,0.806027300315715,"10990",1
"Cellular Processes","Cellular community - eukaryotes","hsa04550","Signaling pathways regulating pluripotency of stem cells","2/281","144/8542",0.0138888888888889,0.422202451561882,-1.28961541451419,0.953534052037359,0.999807956971928,0.806027300315715,"130399/1749",2
"Human Diseases","Neurodegenerative disease","hsa05020","Prion disease","5/281","278/8542",0.0179856115107914,0.546736987634092,-1.41699635882789,0.954894967240613,0.999807956971928,0.806027300315715,"170712/84699/3798/5567/113457",5
"Cellular Processes","Cellular community - eukaryotes","hsa04520","Adherens junction","1/281","93/8542",0.010752688172043,0.326866414112425,-1.20373611102075,0.956193260967427,0.999807956971928,0.806027300315715,"29895",1
"Organismal Systems","Immune system","hsa04666","Fc gamma R-mediated phagocytosis","1/281","99/8542",0.0101010101010101,0.307056328408642,-1.2789640739366,0.964241696815701,0.999807956971928,0.806027300315715,"2215",1
"Human Diseases","Cancer: overview","hsa05231","Choline metabolism in cancer","1/281","99/8542",0.0101010101010101,0.307056328408642,-1.2789640739366,0.964241696815701,0.999807956971928,0.806027300315715,"60482",1
"Metabolism","Lipid metabolism","hsa00564","Glycerophospholipid metabolism","1/281","103/8542",0.00970873786407767,0.295131810800539,-1.32730961356234,0.968770467821355,0.999807956971928,0.806027300315715,"2819",1
"Human Diseases","Infectious disease: parasitic","hsa05142","Chagas disease","1/281","103/8542",0.00970873786407767,0.295131810800539,-1.32730961356234,0.968770467821355,0.999807956971928,0.806027300315715,"107",1
"Organismal Systems","Immune system","hsa04625","C-type lectin receptor signaling pathway","1/281","105/8542",0.00952380952380952,0.289510252499576,-1.35098227209058,0.970815709887529,0.999807956971928,0.806027300315715,"51806",1
"Environmental Information Processing","Signal transduction","hsa04010","MAPK signaling pathway","5/281","300/8542",0.0166666666666667,0.506642941874259,-1.60434172214403,0.972144661877355,0.999807956971928,0.806027300315715,"783/2668/4908/5567/5923",5
"Environmental Information Processing","Signal transduction","hsa04015","Rap1 signaling pathway","3/281","212/8542",0.0141509433962264,0.430168535553616,-1.54946962015671,0.972971820654975,0.999807956971928,0.806027300315715,"107/111/51806",3
"Organismal Systems","Immune system","hsa04620","Toll-like receptor signaling pathway","1/281","109/8542",0.00917431192660551,0.278886023050051,-1.39738900546817,0.974514382424787,0.999807956971928,0.806027300315715,"3929",1
"Human Diseases","Neurodegenerative disease","hsa05010","Alzheimer disease","7/281","391/8542",0.0179028132992327,0.544220039864933,-1.7014898707497,0.976207791941161,0.999807956971928,0.806027300315715,"51806/1131/170712/8471/3798/4023/113457",7
"Cellular Processes","Transport and catabolism","hsa04140","Autophagy - animal","2/281","169/8542",0.0118343195266272,0.359746467603024,-1.55040799676838,0.97725495327707,0.999807956971928,0.806027300315715,"8471/5567",2
"Human Diseases","Cancer: specific types","hsa05225","Hepatocellular carcinoma","2/281","170/8542",0.0117647058823529,0.357630311911241,-1.56022093186154,0.977904817499574,0.999807956971928,0.806027300315715,"51412/2949",2
"Environmental Information Processing","Signal transduction","hsa04310","Wnt signaling pathway","2/281","174/8542",0.0114942528735632,0.349408925430523,-1.59905388585952,0.98032953412636,0.999807956971928,0.806027300315715,"8549/5567",2
"Genetic Information Processing","Chromosome","hsa03082","ATP-dependent chromatin remodeling","1/281","117/8542",0.00854700854700855,0.259816893268851,-1.48675139558133,0.980568693950271,0.999807956971928,0.806027300315715,"51412",1
"Human Diseases","Cancer: overview","hsa05208","Chemical carcinogenesis - reactive oxygen species","3/281","227/8542",0.013215859030837,0.401743301926725,-1.68484743577837,0.981744914614416,0.999807956971928,0.806027300315715,"1645/170712/2949",3
"Human Diseases","Infectious disease: viral","hsa05165","Human papillomavirus infection","5/281","333/8542",0.015015015015015,0.456435082769602,-1.86603427896294,0.986933707339279,0.999807956971928,0.806027300315715,"1297/84699/5567/7148/7448",5
"Organismal Systems","Immune system","hsa04621","NOD-like receptor signaling pathway","2/281","189/8542",0.0105820105820106,0.321678058332863,-1.73914878061869,0.987329206422025,0.999807956971928,0.806027300315715,"59082/199713",2
"Organismal Systems","Immune system","hsa04650","Natural killer cell mediated cytotoxicity","1/281","134/8542",0.00746268656716418,0.226855048600414,-1.66363551021457,0.989090287126269,0.999807956971928,0.806027300315715,"2215",1
"Human Diseases","Infectious disease: viral","hsa05167","Kaposi sarcoma-associated herpesvirus infection","2/281","196/8542",0.0102040816326531,0.310189556249546,-1.80181343396042,0.989700695731577,0.999807956971928,0.806027300315715,"51806/94235",2
"Cellular Processes","Cell growth and death","hsa04210","Apoptosis","1/281","136/8542",0.00735294117647059,0.223518944944526,-1.68343687206516,0.989807360874674,0.999807956971928,0.806027300315715,"113457",1
"Human Diseases","Infectious disease: bacterial","hsa05132","Salmonella infection","3/281","251/8542",0.0119521912350598,0.363329599750464,-1.88816208379472,0.990405826893616,0.999807956971928,0.806027300315715,"3798/29895/113457",3
"Human Diseases","Cancer: overview","hsa05205","Proteoglycans in cancer","2/281","204/8542",0.00980392156862745,0.298025259926035,-1.87153017124444,0.991884115735809,0.999807956971928,0.806027300315715,"5567/7448",2
"Human Diseases","Neurodegenerative disease","hsa05017","Spinocerebellar ataxia","1/281","144/8542",0.00694444444444444,0.211101225780941,-1.76078285979992,0.992235590021804,0.999807956971928,0.806027300315715,"2890",1
"Human Diseases","Cancer: specific types","hsa05226","Gastric cancer","1/281","150/8542",0.00666666666666667,0.202657176749703,-1.81697600190192,0.993670059219589,0.999807956971928,0.806027300315715,"4583",1
"Human Diseases","Infectious disease: viral","hsa05170","Human immunodeficiency virus 1 infection","2/281","213/8542",0.00938967136150235,0.285432643309441,-1.94772551313229,0.993802973414972,0.999807956971928,0.806027300315715,"51806/94235",2
"Human Diseases","Neurodegenerative disease","hsa05014","Amyotrophic lateral sclerosis","5/281","371/8542",0.0134770889487871,0.409684319574872,-2.144000482739,0.994770010096116,0.999807956971928,0.806027300315715,"170712/2878/2890/3798/113457",5
"Cellular Processes","Cell growth and death","hsa04218","Cellular senescence","1/281","157/8542",0.00636942675159236,0.193621506448761,-1.88073860404742,0.995013171184742,0.999807956971928,0.806027300315715,"51806",1
"Environmental Information Processing","Signal transduction","hsa04150","mTOR signaling pathway","1/281","158/8542",0.00632911392405063,0.192396053876301,-1.88969864122664,0.995180290910095,0.999807956971928,0.806027300315715,"253314",1
"Cellular Processes","Cell growth and death","hsa04217","Necroptosis","1/281","159/8542",0.00628930817610063,0.191186015801607,-1.89862279343041,0.995341829346911,0.999807956971928,0.806027300315715,"5837",1
"Human Diseases","Infectious disease: viral","hsa05161","Hepatitis B","1/281","163/8542",0.00613496932515337,0.186494334432242,-1.93396895667115,0.995935794100848,0.999807956971928,0.806027300315715,"84699",1
"Cellular Processes","Cell motility","hsa04810","Regulation of actin cytoskeleton","2/281","232/8542",0.00862068965517241,0.262056694072892,-2.10163691347463,0.996512903386636,0.999807956971928,0.806027300315715,"1131/29895",2
"Genetic Information Processing","Folding, sorting and degradation","hsa04141","Protein processing in endoplasmic reticulum","1/281","170/8542",0.00588235294117647,0.178815155955621,-1.99453648944354,0.996799358834388,0.999807956971928,0.806027300315715,"80343",1
"Human Diseases","Neurodegenerative disease","hsa05022","Pathways of neurodegeneration - multiple diseases","7/281","483/8542",0.0144927536231884,0.44055907989066,-2.33441694394335,0.996825307843288,0.999807956971928,0.806027300315715,"51806/1131/170712/2878/2890/3798/113457",7
"Organismal Systems","Sensory system","hsa04740","Olfactory transduction","6/281","453/8542",0.0132450331125828,0.402630152482854,-2.40955137630494,0.997808720475453,0.999807956971928,0.806027300315715,"51806/83988/343171/390275/219865/5567",6
"Human Diseases","Infectious disease: bacterial","hsa05131","Shigellosis","2/281","250/8542",0.008,0.243188612099644,-2.23985149902531,0.997990187664348,0.999807956971928,0.806027300315715,"8354/29895",2
"Human Diseases","Cancer: overview","hsa05206","MicroRNAs in cancer","3/281","312/8542",0.00961538461538462,0.292294004927457,-2.34866709752196,0.998256598911035,0.999807956971928,0.806027300315715,"1591/10642/7148",3
"Cellular Processes","Transport and catabolism","hsa04144","Endocytosis","1/281","252/8542",0.00396825396825397,0.120629271874823,-2.61328165616247,0.999807956971928,0.999807956971928,0.806027300315715,"3798",1
